latitude,longitude,elevation_m
1.0,-79.0,2649
1.0,-78.7966,2589
1.0,-78.5932,1478
1.0,-78.3898,2838
1.0,-78.1864,1828
1.0,-77.9831,2067
1.0,-77.7797,1817
1.0,-77.5763,2095
1.0,-77.3729,1332
1.0,-77.1695,1465
1.0,-76.9661,3064
1.0,-76.7627,2133
1.0,-76.5593,1971
1.0,-76.3559,1172
1.0,-76.1525,1470
1.0,-75.9492,1886
1.0,-75.7458,2318
1.0,-75.5424,1432
1.0,-75.339,1775
1.0,-75.1356,1819
1.0,-74.9322,1379
1.0,-74.7288,944
1.0,-74.5254,1152
1.0,-74.322,1126
1.0,-74.1186,870
1.0,-73.9153,790
1.0,-73.7119,924
1.0,-73.5085,1201
1.0,-73.3051,233
1.0,-73.1017,730
1.0,-72.8983,1102
1.0,-72.6949,666
1.0,-72.4915,730
1.0,-72.2881,1039
1.0,-72.0847,813
1.0,-71.8814,227
1.0,-71.678,243
1.0,-71.4746,319
1.0,-71.2712,105
1.0,-71.0678,139
1.0,-70.8644,146
1.0,-70.661,223
1.0,-70.4576,165
1.0,-70.2542,202
1.0,-70.0508,314
1.0,-69.8475,120
1.0,-69.6441,166
1.0,-69.4407,150
1.0,-69.2373,184
1.0,-69.0339,104
1.0,-68.8305,260
1.0,-68.6271,233
1.0,-68.4237,251
1.0,-68.2203,404
1.0,-68.0169,263
1.0,-67.8136,0
1.0,-67.6102,249
1.0,-67.4068,182
1.0,-67.2034,135
1.0,-67.0,388
1.2245,-79.0,2006
1.2245,-78.7966,1770
1.2245,-78.5932,1594
1.2245,-78.3898,2817
1.2245,-78.1864,1862
1.2245,-77.9831,2649
1.2245,-77.7797,2687
1.2245,-77.5763,1877
1.2245,-77.3729,1623
1.2245,-77.1695,3021
1.2245,-76.9661,1378
1.2245,-76.7627,1529
1.2245,-76.5593,1854
1.2245,-76.3559,2547
1.2245,-76.1525,2592
1.2245,-75.9492,2068
1.2245,-75.7458,1397
1.2245,-75.5424,2540
1.2245,-75.339,2479
1.2245,-75.1356,2454
1.2245,-74.9322,819
1.2245,-74.7288,1113
1.2245,-74.5254,832
1.2245,-74.322,870
1.2245,-74.1186,937
1.2245,-73.9153,799
1.2245,-73.7119,852
1.2245,-73.5085,653
1.2245,-73.3051,949
1.2245,-73.1017,1141
1.2245,-72.8983,822
1.2245,-72.6949,919
1.2245,-72.4915,985
1.2245,-72.2881,773
1.2245,-72.0847,856
1.2245,-71.8814,193
1.2245,-71.678,0
1.2245,-71.4746,394
1.2245,-71.2712,21
1.2245,-71.0678,162
1.2245,-70.8644,172
1.2245,-70.661,311
1.2245,-70.4576,279
1.2245,-70.2542,194
1.2245,-70.0508,257
1.2245,-69.8475,281
1.2245,-69.6441,212
1.2245,-69.4407,210
1.2245,-69.2373,315
1.2245,-69.0339,187
1.2245,-68.8305,77
1.2245,-68.6271,229
1.2245,-68.4237,26
1.2245,-68.2203,276
1.2245,-68.0169,1
1.2245,-67.8136,97
1.2245,-67.6102,312
1.2245,-67.4068,256
1.2245,-67.2034,195
1.2245,-67.0,373
1.449,-79.0,1990
1.449,-78.7966,1442
1.449,-78.5932,2006
1.449,-78.3898,1299
1.449,-78.1864,2498
1.449,-77.9831,1713
1.449,-77.7797,1986
1.449,-77.5763,1878
1.449,-77.3729,909
1.449,-77.1695,2630
1.449,-76.9661,1377
1.449,-76.7627,2240
1.449,-76.5593,2633
1.449,-76.3559,1684
1.449,-76.1525,2037
1.449,-75.9492,1621
1.449,-75.7458,795
1.449,-75.5424,2172
1.449,-75.339,1751
1.449,-75.1356,1403
1.449,-74.9322,867
1.449,-74.7288,926
1.449,-74.5254,989
1.449,-74.322,765
1.449,-74.1186,676
1.449,-73.9153,1339
1.449,-73.7119,1044
1.449,-73.5085,694
1.449,-73.3051,651
1.449,-73.1017,653
1.449,-72.8983,149
1.449,-72.6949,1176
1.449,-72.4915,1422
1.449,-72.2881,843
1.449,-72.0847,517
1.449,-71.8814,227
1.449,-71.678,273
1.449,-71.4746,36
1.449,-71.2712,242
1.449,-71.0678,342
1.449,-70.8644,307
1.449,-70.661,147
1.449,-70.4576,216
1.449,-70.2542,185
1.449,-70.0508,111
1.449,-69.8475,75
1.449,-69.6441,205
1.449,-69.4407,116
1.449,-69.2373,215
1.449,-69.0339,311
1.449,-68.8305,116
1.449,-68.6271,288
1.449,-68.4237,154
1.449,-68.2203,176
1.449,-68.0169,230
1.449,-67.8136,346
1.449,-67.6102,78
1.449,-67.4068,372
1.449,-67.2034,120
1.449,-67.0,150
1.6735,-79.0,2610
1.6735,-78.7966,2533
1.6735,-78.5932,1428
1.6735,-78.3898,1359
1.6735,-78.1864,1475
1.6735,-77.9831,2197
1.6735,-77.7797,1469
1.6735,-77.5763,2426
1.6735,-77.3729,2608
1.6735,-77.1695,3027
1.6735,-76.9661,2535
1.6735,-76.7627,1724
1.6735,-76.5593,2839
1.6735,-76.3559,2054
1.6735,-76.1525,974
1.6735,-75.9492,2460
1.6735,-75.7458,2195
1.6735,-75.5424,1663
1.6735,-75.339,1665
1.6735,-75.1356,1932
1.6735,-74.9322,556
1.6735,-74.7288,533
1.6735,-74.5254,649
1.6735,-74.322,919
1.6735,-74.1186,1039
1.6735,-73.9153,1599
1.6735,-73.7119,1056
1.6735,-73.5085,828
1.6735,-73.3051,853
1.6735,-73.1017,1129
1.6735,-72.8983,1003
1.6735,-72.6949,840
1.6735,-72.4915,670
1.6735,-72.2881,1308
1.6735,-72.0847,1177
1.6735,-71.8814,296
1.6735,-71.678,163
1.6735,-71.4746,0
1.6735,-71.2712,129
1.6735,-71.0678,171
1.6735,-70.8644,220
1.6735,-70.661,250
1.6735,-70.4576,274
1.6735,-70.2542,271
1.6735,-70.0508,213
1.6735,-69.8475,221
1.6735,-69.6441,263
1.6735,-69.4407,36
1.6735,-69.2373,169
1.6735,-69.0339,329
1.6735,-68.8305,173
1.6735,-68.6271,349
1.6735,-68.4237,85
1.6735,-68.2203,56
1.6735,-68.0169,78
1.6735,-67.8136,209
1.6735,-67.6102,209
1.6735,-67.4068,121
1.6735,-67.2034,276
1.6735,-67.0,56
1.898,-79.0,2020
1.898,-78.7966,2606
1.898,-78.5932,2114
1.898,-78.3898,3027
1.898,-78.1864,1785
1.898,-77.9831,2037
1.898,-77.7797,2271
1.898,-77.5763,2173
1.898,-77.3729,2108
1.898,-77.1695,1886
1.898,-76.9661,2145
1.898,-76.7627,2652
1.898,-76.5593,2257
1.898,-76.3559,1756
1.898,-76.1525,1757
1.898,-75.9492,2147
1.898,-75.7458,1993
1.898,-75.5424,2120
1.898,-75.339,2818
1.898,-75.1356,2001
1.898,-74.9322,730
1.898,-74.7288,1249
1.898,-74.5254,1416
1.898,-74.322,595
1.898,-74.1186,749
1.898,-73.9153,1096
1.898,-73.7119,1154
1.898,-73.5085,560
1.898,-73.3051,464
1.898,-73.1017,420
1.898,-72.8983,785
1.898,-72.6949,1460
1.898,-72.4915,850
1.898,-72.2881,1381
1.898,-72.0847,885
1.898,-71.8814,231
1.898,-71.678,166
1.898,-71.4746,298
1.898,-71.2712,112
1.898,-71.0678,62
1.898,-70.8644,59
1.898,-70.661,256
1.898,-70.4576,246
1.898,-70.2542,128
1.898,-70.0508,157
1.898,-69.8475,223
1.898,-69.6441,150
1.898,-69.4407,206
1.898,-69.2373,307
1.898,-69.0339,75
1.898,-68.8305,285
1.898,-68.6271,357
1.898,-68.4237,101
1.898,-68.2203,313
1.898,-68.0169,262
1.898,-67.8136,144
1.898,-67.6102,357
1.898,-67.4068,55
1.898,-67.2034,219
1.898,-67.0,143
2.1224,-79.0,1343
2.1224,-78.7966,2476
2.1224,-78.5932,1562
2.1224,-78.3898,2767
2.1224,-78.1864,1454
2.1224,-77.9831,1521
2.1224,-77.7797,1831
2.1224,-77.5763,2022
2.1224,-77.3729,1790
2.1224,-77.1695,2350
2.1224,-76.9661,2714
2.1224,-76.7627,1759
2.1224,-76.5593,2150
2.1224,-76.3559,2253
2.1224,-76.1525,2389
2.1224,-75.9492,2292
2.1224,-75.7458,2203
2.1224,-75.5424,1317
2.1224,-75.339,3067
2.1224,-75.1356,1373
2.1224,-74.9322,1037
2.1224,-74.7288,1259
2.1224,-74.5254,1539
2.1224,-74.322,812
2.1224,-74.1186,599
2.1224,-73.9153,775
2.1224,-73.7119,706
2.1224,-73.5085,766
2.1224,-73.3051,860
2.1224,-73.1017,892
2.1224,-72.8983,1067
2.1224,-72.6949,788
2.1224,-72.4915,1428
2.1224,-72.2881,809
2.1224,-72.0847,926
2.1224,-71.8814,220
2.1224,-71.678,220
2.1224,-71.4746,214
2.1224,-71.2712,208
2.1224,-71.0678,136
2.1224,-70.8644,281
2.1224,-70.661,130
2.1224,-70.4576,378
2.1224,-70.2542,298
2.1224,-70.0508,73
2.1224,-69.8475,60
2.1224,-69.6441,428
2.1224,-69.4407,244
2.1224,-69.2373,338
2.1224,-69.0339,303
2.1224,-68.8305,81
2.1224,-68.6271,241
2.1224,-68.4237,292
2.1224,-68.2203,0
2.1224,-68.0169,198
2.1224,-67.8136,130
2.1224,-67.6102,119
2.1224,-67.4068,14
2.1224,-67.2034,141
2.1224,-67.0,220
2.3469,-79.0,1978
2.3469,-78.7966,1473
2.3469,-78.5932,2432
2.3469,-78.3898,2920
2.3469,-78.1864,2211
2.3469,-77.9831,1739
2.3469,-77.7797,1838
2.3469,-77.5763,1515
2.3469,-77.3729,2084
2.3469,-77.1695,1978
2.3469,-76.9661,2405
2.3469,-76.7627,2145
2.3469,-76.5593,1948
2.3469,-76.3559,1971
2.3469,-76.1525,1838
2.3469,-75.9492,1975
2.3469,-75.7458,2405
2.3469,-75.5424,2197
2.3469,-75.339,2147
2.3469,-75.1356,2195
2.3469,-74.9322,1496
2.3469,-74.7288,1360
2.3469,-74.5254,962
2.3469,-74.322,746
2.3469,-74.1186,567
2.3469,-73.9153,1390
2.3469,-73.7119,504
2.3469,-73.5085,1518
2.3469,-73.3051,1522
2.3469,-73.1017,1374
2.3469,-72.8983,1028
2.3469,-72.6949,1233
2.3469,-72.4915,1018
2.3469,-72.2881,818
2.3469,-72.0847,349
2.3469,-71.8814,228
2.3469,-71.678,135
2.3469,-71.4746,44
2.3469,-71.2712,406
2.3469,-71.0678,59
2.3469,-70.8644,245
2.3469,-70.661,108
2.3469,-70.4576,263
2.3469,-70.2542,232
2.3469,-70.0508,328
2.3469,-69.8475,231
2.3469,-69.6441,15
2.3469,-69.4407,133
2.3469,-69.2373,96
2.3469,-69.0339,325
2.3469,-68.8305,119
2.3469,-68.6271,168
2.3469,-68.4237,195
2.3469,-68.2203,186
2.3469,-68.0169,287
2.3469,-67.8136,170
2.3469,-67.6102,202
2.3469,-67.4068,160
2.3469,-67.2034,345
2.3469,-67.0,85
2.5714,-79.0,2165
2.5714,-78.7966,2629
2.5714,-78.5932,1809
2.5714,-78.3898,1975
2.5714,-78.1864,1357
2.5714,-77.9831,2017
2.5714,-77.7797,1828
2.5714,-77.5763,2908
2.5714,-77.3729,1425
2.5714,-77.1695,1790
2.5714,-76.9661,1593
2.5714,-76.7627,1992
2.5714,-76.5593,2849
2.5714,-76.3559,2296
2.5714,-76.1525,2384
2.5714,-75.9492,2200
2.5714,-75.7458,2645
2.5714,-75.5424,1827
2.5714,-75.339,1740
2.5714,-75.1356,2404
2.5714,-74.9322,1136
2.5714,-74.7288,1146
2.5714,-74.5254,277
2.5714,-74.322,933
2.5714,-74.1186,584
2.5714,-73.9153,811
2.5714,-73.7119,398
2.5714,-73.5085,844
2.5714,-73.3051,611
2.5714,-73.1017,781
2.5714,-72.8983,590
2.5714,-72.6949,472
2.5714,-72.4915,90
2.5714,-72.2881,667
2.5714,-72.0847,856
2.5714,-71.8814,197
2.5714,-71.678,122
2.5714,-71.4746,107
2.5714,-71.2712,468
2.5714,-71.0678,34
2.5714,-70.8644,141
2.5714,-70.661,34
2.5714,-70.4576,297
2.5714,-70.2542,415
2.5714,-70.0508,236
2.5714,-69.8475,35
2.5714,-69.6441,331
2.5714,-69.4407,145
2.5714,-69.2373,140
2.5714,-69.0339,160
2.5714,-68.8305,65
2.5714,-68.6271,227
2.5714,-68.4237,196
2.5714,-68.2203,152
2.5714,-68.0169,297
2.5714,-67.8136,140
2.5714,-67.6102,166
2.5714,-67.4068,197
2.5714,-67.2034,228
2.5714,-67.0,333
2.7959,-79.0,1341
2.7959,-78.7966,1841
2.7959,-78.5932,2560
2.7959,-78.3898,2715
2.7959,-78.1864,1255
2.7959,-77.9831,2436
2.7959,-77.7797,1638
2.7959,-77.5763,2023
2.7959,-77.3729,1954
2.7959,-77.1695,1221
2.7959,-76.9661,2100
2.7959,-76.7627,1578
2.7959,-76.5593,1858
2.7959,-76.3559,1863
2.7959,-76.1525,1737
2.7959,-75.9492,1736
2.7959,-75.7458,2242
2.7959,-75.5424,2834
2.7959,-75.339,2483
2.7959,-75.1356,1951
2.7959,-74.9322,1056
2.7959,-74.7288,1623
2.7959,-74.5254,785
2.7959,-74.322,822
2.7959,-74.1186,1025
2.7959,-73.9153,361
2.7959,-73.7119,1338
2.7959,-73.5085,733
2.7959,-73.3051,824
2.7959,-73.1017,965
2.7959,-72.8983,954
2.7959,-72.6949,426
2.7959,-72.4915,719
2.7959,-72.2881,781
2.7959,-72.0847,1250
2.7959,-71.8814,372
2.7959,-71.678,65
2.7959,-71.4746,233
2.7959,-71.2712,113
2.7959,-71.0678,345
2.7959,-70.8644,138
2.7959,-70.661,25
2.7959,-70.4576,112
2.7959,-70.2542,169
2.7959,-70.0508,154
2.7959,-69.8475,262
2.7959,-69.6441,119
2.7959,-69.4407,320
2.7959,-69.2373,100
2.7959,-69.0339,289
2.7959,-68.8305,240
2.7959,-68.6271,196
2.7959,-68.4237,311
2.7959,-68.2203,173
2.7959,-68.0169,239
2.7959,-67.8136,346
2.7959,-67.6102,276
2.7959,-67.4068,234
2.7959,-67.2034,80
2.7959,-67.0,224
3.0204,-79.0,1684
3.0204,-78.7966,1983
3.0204,-78.5932,1408
3.0204,-78.3898,1990
3.0204,-78.1864,1995
3.0204,-77.9831,2900
3.0204,-77.7797,2252
3.0204,-77.5763,2194
3.0204,-77.3729,1862
3.0204,-77.1695,2519
3.0204,-76.9661,2399
3.0204,-76.7627,1355
3.0204,-76.5593,1932
3.0204,-76.3559,1883
3.0204,-76.1525,2027
3.0204,-75.9492,2490
3.0204,-75.7458,2330
3.0204,-75.5424,2678
3.0204,-75.339,1723
3.0204,-75.1356,1546
3.0204,-74.9322,1043
3.0204,-74.7288,1161
3.0204,-74.5254,709
3.0204,-74.322,336
3.0204,-74.1186,1496
3.0204,-73.9153,1432
3.0204,-73.7119,1065
3.0204,-73.5085,1113
3.0204,-73.3051,1030
3.0204,-73.1017,899
3.0204,-72.8983,978
3.0204,-72.6949,862
3.0204,-72.4915,893
3.0204,-72.2881,1157
3.0204,-72.0847,978
3.0204,-71.8814,180
3.0204,-71.678,208
3.0204,-71.4746,201
3.0204,-71.2712,267
3.0204,-71.0678,305
3.0204,-70.8644,337
3.0204,-70.661,134
3.0204,-70.4576,265
3.0204,-70.2542,300
3.0204,-70.0508,111
3.0204,-69.8475,230
3.0204,-69.6441,115
3.0204,-69.4407,275
3.0204,-69.2373,150
3.0204,-69.0339,102
3.0204,-68.8305,242
3.0204,-68.6271,204
3.0204,-68.4237,264
3.0204,-68.2203,185
3.0204,-68.0169,263
3.0204,-67.8136,173
3.0204,-67.6102,172
3.0204,-67.4068,256
3.0204,-67.2034,222
3.0204,-67.0,256
3.2449,-79.0,1787
3.2449,-78.7966,1636
3.2449,-78.5932,1541
3.2449,-78.3898,2566
3.2449,-78.1864,2185
3.2449,-77.9831,2325
3.2449,-77.7797,2237
3.2449,-77.5763,1072
3.2449,-77.3729,2650
3.2449,-77.1695,2556
3.2449,-76.9661,2323
3.2449,-76.7627,2137
3.2449,-76.5593,1975
3.2449,-76.3559,2417
3.2449,-76.1525,2569
3.2449,-75.9492,602
3.2449,-75.7458,2034
3.2449,-75.5424,2700
3.2449,-75.339,1091
3.2449,-75.1356,781
3.2449,-74.9322,815
3.2449,-74.7288,850
3.2449,-74.5254,1112
3.2449,-74.322,1128
3.2449,-74.1186,951
3.2449,-73.9153,1292
3.2449,-73.7119,1791
3.2449,-73.5085,636
3.2449,-73.3051,1730
3.2449,-73.1017,1254
3.2449,-72.8983,570
3.2449,-72.6949,947
3.2449,-72.4915,1104
3.2449,-72.2881,959
3.2449,-72.0847,1149
3.2449,-71.8814,166
3.2449,-71.678,142
3.2449,-71.4746,265
3.2449,-71.2712,339
3.2449,-71.0678,131
3.2449,-70.8644,249
3.2449,-70.661,342
3.2449,-70.4576,30
3.2449,-70.2542,92
3.2449,-70.0508,104
3.2449,-69.8475,254
3.2449,-69.6441,187
3.2449,-69.4407,175
3.2449,-69.2373,243
3.2449,-69.0339,262
3.2449,-68.8305,159
3.2449,-68.6271,109
3.2449,-68.4237,64
3.2449,-68.2203,150
3.2449,-68.0169,101
3.2449,-67.8136,321
3.2449,-67.6102,190
3.2449,-67.4068,114
3.2449,-67.2034,105
3.2449,-67.0,81
3.4694,-79.0,2541
3.4694,-78.7966,1732
3.4694,-78.5932,1530
3.4694,-78.3898,1919
3.4694,-78.1864,2140
3.4694,-77.9831,2167
3.4694,-77.7797,1680
3.4694,-77.5763,2708
3.4694,-77.3729,1315
3.4694,-77.1695,2083
3.4694,-76.9661,1922
3.4694,-76.7627,2308
3.4694,-76.5593,2279
3.4694,-76.3559,1826
3.4694,-76.1525,2599
3.4694,-75.9492,1738
3.4694,-75.7458,2501
3.4694,-75.5424,3403
3.4694,-75.339,1565
3.4694,-75.1356,1823
3.4694,-74.9322,819
3.4694,-74.7288,1309
3.4694,-74.5254,1286
3.4694,-74.322,1231
3.4694,-74.1186,799
3.4694,-73.9153,834
3.4694,-73.7119,549
3.4694,-73.5085,870
3.4694,-73.3051,1069
3.4694,-73.1017,853
3.4694,-72.8983,822
3.4694,-72.6949,759
3.4694,-72.4915,811
3.4694,-72.2881,1477
3.4694,-72.0847,975
3.4694,-71.8814,189
3.4694,-71.678,160
3.4694,-71.4746,240
3.4694,-71.2712,210
3.4694,-71.0678,275
3.4694,-70.8644,332
3.4694,-70.661,203
3.4694,-70.4576,99
3.4694,-70.2542,219
3.4694,-70.0508,189
3.4694,-69.8475,74
3.4694,-69.6441,304
3.4694,-69.4407,170
3.4694,-69.2373,163
3.4694,-69.0339,413
3.4694,-68.8305,138
3.4694,-68.6271,156
3.4694,-68.4237,139
3.4694,-68.2203,330
3.4694,-68.0169,260
3.4694,-67.8136,322
3.4694,-67.6102,50
3.4694,-67.4068,169
3.4694,-67.2034,402
3.4694,-67.0,334
3.6939,-79.0,1665
3.6939,-78.7966,1695
3.6939,-78.5932,1585
3.6939,-78.3898,1959
3.6939,-78.1864,2596
3.6939,-77.9831,2284
3.6939,-77.7797,1402
3.6939,-77.5763,2143
3.6939,-77.3729,3579
3.6939,-77.1695,2194
3.6939,-76.9661,2570
3.6939,-76.7627,2645
3.6939,-76.5593,3086
3.6939,-76.3559,1416
3.6939,-76.1525,1868
3.6939,-75.9492,1918
3.6939,-75.7458,1624
3.6939,-75.5424,2068
3.6939,-75.339,1832
3.6939,-75.1356,2417
3.6939,-74.9322,839
3.6939,-74.7288,1077
3.6939,-74.5254,1122
3.6939,-74.322,853
3.6939,-74.1186,808
3.6939,-73.9153,495
3.6939,-73.7119,1153
3.6939,-73.5085,1509
3.6939,-73.3051,897
3.6939,-73.1017,1188
3.6939,-72.8983,789
3.6939,-72.6949,1138
3.6939,-72.4915,1195
3.6939,-72.2881,664
3.6939,-72.0847,941
3.6939,-71.8814,322
3.6939,-71.678,273
3.6939,-71.4746,232
3.6939,-71.2712,123
3.6939,-71.0678,251
3.6939,-70.8644,204
3.6939,-70.661,272
3.6939,-70.4576,274
3.6939,-70.2542,73
3.6939,-70.0508,282
3.6939,-69.8475,190
3.6939,-69.6441,382
3.6939,-69.4407,166
3.6939,-69.2373,87
3.6939,-69.0339,482
3.6939,-68.8305,237
3.6939,-68.6271,291
3.6939,-68.4237,222
3.6939,-68.2203,150
3.6939,-68.0169,321
3.6939,-67.8136,179
3.6939,-67.6102,358
3.6939,-67.4068,319
3.6939,-67.2034,176
3.6939,-67.0,202
3.9184,-79.0,1441
3.9184,-78.7966,2339
3.9184,-78.5932,2068
3.9184,-78.3898,1497
3.9184,-78.1864,1956
3.9184,-77.9831,3003
3.9184,-77.7797,2646
3.9184,-77.5763,1446
3.9184,-77.3729,1982
3.9184,-77.1695,1851
3.9184,-76.9661,1338
3.9184,-76.7627,2236
3.9184,-76.5593,1370
3.9184,-76.3559,2364
3.9184,-76.1525,1641
3.9184,-75.9492,1648
3.9184,-75.7458,2877
3.9184,-75.5424,1401
3.9184,-75.339,1759
3.9184,-75.1356,2121
3.9184,-74.9322,1009
3.9184,-74.7288,647
3.9184,-74.5254,1252
3.9184,-74.322,650
3.9184,-74.1186,1414
3.9184,-73.9153,1165
3.9184,-73.7119,1055
3.9184,-73.5085,1005
3.9184,-73.3051,1084
3.9184,-73.1017,1446
3.9184,-72.8983,1300
3.9184,-72.6949,1157
3.9184,-72.4915,1540
3.9184,-72.2881,1026
3.9184,-72.0847,723
3.9184,-71.8814,278
3.9184,-71.678,191
3.9184,-71.4746,228
3.9184,-71.2712,261
3.9184,-71.0678,90
3.9184,-70.8644,139
3.9184,-70.661,321
3.9184,-70.4576,217
3.9184,-70.2542,278
3.9184,-70.0508,80
3.9184,-69.8475,389
3.9184,-69.6441,277
3.9184,-69.4407,118
3.9184,-69.2373,48
3.9184,-69.0339,246
3.9184,-68.8305,304
3.9184,-68.6271,244
3.9184,-68.4237,92
3.9184,-68.2203,112
3.9184,-68.0169,162
3.9184,-67.8136,158
3.9184,-67.6102,326
3.9184,-67.4068,187
3.9184,-67.2034,71
3.9184,-67.0,62
4.1429,-79.0,2046
4.1429,-78.7966,1611
4.1429,-78.5932,2099
4.1429,-78.3898,1286
4.1429,-78.1864,2003
4.1429,-77.9831,1224
4.1429,-77.7797,1041
4.1429,-77.5763,2349
4.1429,-77.3729,2626
4.1429,-77.1695,2554
4.1429,-76.9661,2385
4.1429,-76.7627,1385
4.1429,-76.5593,1715
4.1429,-76.3559,2119
4.1429,-76.1525,1500
4.1429,-75.9492,2303
4.1429,-75.7458,2347
4.1429,-75.5424,2178
4.1429,-75.339,1871
4.1429,-75.1356,1250
4.1429,-74.9322,709
4.1429,-74.7288,932
4.1429,-74.5254,675
4.1429,-74.322,964
4.1429,-74.1186,1758
4.1429,-73.9153,904
4.1429,-73.7119,794
4.1429,-73.5085,1135
4.1429,-73.3051,874
4.1429,-73.1017,380
4.1429,-72.8983,975
4.1429,-72.6949,809
4.1429,-72.4915,1032
4.1429,-72.2881,1372
4.1429,-72.0847,898
4.1429,-71.8814,290
4.1429,-71.678,111
4.1429,-71.4746,237
4.1429,-71.2712,163
4.1429,-71.0678,221
4.1429,-70.8644,290
4.1429,-70.661,254
4.1429,-70.4576,49
4.1429,-70.2542,104
4.1429,-70.0508,116
4.1429,-69.8475,317
4.1429,-69.6441,160
4.1429,-69.4407,204
4.1429,-69.2373,162
4.1429,-69.0339,182
4.1429,-68.8305,281
4.1429,-68.6271,157
4.1429,-68.4237,147
4.1429,-68.2203,110
4.1429,-68.0169,219
4.1429,-67.8136,190
4.1429,-67.6102,0
4.1429,-67.4068,145
4.1429,-67.2034,222
4.1429,-67.0,256
4.3673,-79.0,2572
4.3673,-78.7966,2268
4.3673,-78.5932,2097
4.3673,-78.3898,1736
4.3673,-78.1864,1349
4.3673,-77.9831,1471
4.3673,-77.7797,1117
4.3673,-77.5763,2070
4.3673,-77.3729,1837
4.3673,-77.1695,1762
4.3673,-76.9661,2259
4.3673,-76.7627,2816
4.3673,-76.5593,2174
4.3673,-76.3559,2556
4.3673,-76.1525,2532
4.3673,-75.9492,2114
4.3673,-75.7458,2223
4.3673,-75.5424,1907
4.3673,-75.339,2268
4.3673,-75.1356,1310
4.3673,-74.9322,820
4.3673,-74.7288,1081
4.3673,-74.5254,1029
4.3673,-74.322,851
4.3673,-74.1186,1427
4.3673,-73.9153,919
4.3673,-73.7119,782
4.3673,-73.5085,824
4.3673,-73.3051,1055
4.3673,-73.1017,672
4.3673,-72.8983,1587
4.3673,-72.6949,1554
4.3673,-72.4915,876
4.3673,-72.2881,822
4.3673,-72.0847,781
4.3673,-71.8814,1
4.3673,-71.678,299
4.3673,-71.4746,246
4.3673,-71.2712,184
4.3673,-71.0678,330
4.3673,-70.8644,51
4.3673,-70.661,326
4.3673,-70.4576,174
4.3673,-70.2542,225
4.3673,-70.0508,178
4.3673,-69.8475,99
4.3673,-69.6441,247
4.3673,-69.4407,100
4.3673,-69.2373,227
4.3673,-69.0339,79
4.3673,-68.8305,174
4.3673,-68.6271,76
4.3673,-68.4237,236
4.3673,-68.2203,268
4.3673,-68.0169,257
4.3673,-67.8136,227
4.3673,-67.6102,142
4.3673,-67.4068,85
4.3673,-67.2034,135
4.3673,-67.0,250
4.5918,-79.0,2388
4.5918,-78.7966,2461
4.5918,-78.5932,2465
4.5918,-78.3898,2536
4.5918,-78.1864,2198
4.5918,-77.9831,2202
4.5918,-77.7797,2831
4.5918,-77.5763,2368
4.5918,-77.3729,1885
4.5918,-77.1695,1976
4.5918,-76.9661,2667
4.5918,-76.7627,1940
4.5918,-76.5593,2472
4.5918,-76.3559,1898
4.5918,-76.1525,2880
4.5918,-75.9492,1891
4.5918,-75.7458,2548
4.5918,-75.5424,1881
4.5918,-75.339,2256
4.5918,-75.1356,2730
4.5918,-74.9322,1253
4.5918,-74.7288,1641
4.5918,-74.5254,479
4.5918,-74.322,415
4.5918,-74.1186,1298
4.5918,-73.9153,750
4.5918,-73.7119,1480
4.5918,-73.5085,1328
4.5918,-73.3051,735
4.5918,-73.1017,1005
4.5918,-72.8983,1482
4.5918,-72.6949,1729
4.5918,-72.4915,781
4.5918,-72.2881,818
4.5918,-72.0847,1071
4.5918,-71.8814,319
4.5918,-71.678,320
4.5918,-71.4746,361
4.5918,-71.2712,296
4.5918,-71.0678,146
4.5918,-70.8644,349
4.5918,-70.661,342
4.5918,-70.4576,350
4.5918,-70.2542,270
4.5918,-70.0508,234
4.5918,-69.8475,225
4.5918,-69.6441,140
4.5918,-69.4407,243
4.5918,-69.2373,144
4.5918,-69.0339,86
4.5918,-68.8305,107
4.5918,-68.6271,209
4.5918,-68.4237,274
4.5918,-68.2203,210
4.5918,-68.0169,260
4.5918,-67.8136,177
4.5918,-67.6102,92
4.5918,-67.4068,177
4.5918,-67.2034,333
4.5918,-67.0,201
4.8163,-79.0,1722
4.8163,-78.7966,2107
4.8163,-78.5932,2269
4.8163,-78.3898,2010
4.8163,-78.1864,2771
4.8163,-77.9831,2061
4.8163,-77.7797,2661
4.8163,-77.5763,1760
4.8163,-77.3729,1744
4.8163,-77.1695,2659
4.8163,-76.9661,1645
4.8163,-76.7627,1533
4.8163,-76.5593,1666
4.8163,-76.3559,1918
4.8163,-76.1525,2144
4.8163,-75.9492,1663
4.8163,-75.7458,1763
4.8163,-75.5424,2329
4.8163,-75.339,2743
4.8163,-75.1356,2684
4.8163,-74.9322,968
4.8163,-74.7288,886
4.8163,-74.5254,526
4.8163,-74.322,1051
4.8163,-74.1186,1436
4.8163,-73.9153,1563
4.8163,-73.7119,1296
4.8163,-73.5085,1499
4.8163,-73.3051,1408
4.8163,-73.1017,1318
4.8163,-72.8983,864
4.8163,-72.6949,777
4.8163,-72.4915,1377
4.8163,-72.2881,1194
4.8163,-72.0847,838
4.8163,-71.8814,104
4.8163,-71.678,243
4.8163,-71.4746,347
4.8163,-71.2712,298
4.8163,-71.0678,129
4.8163,-70.8644,92
4.8163,-70.661,164
4.8163,-70.4576,259
4.8163,-70.2542,89
4.8163,-70.0508,163
4.8163,-69.8475,45
4.8163,-69.6441,295
4.8163,-69.4407,296
4.8163,-69.2373,72
4.8163,-69.0339,160
4.8163,-68.8305,66
4.8163,-68.6271,196
4.8163,-68.4237,462
4.8163,-68.2203,227
4.8163,-68.0169,307
4.8163,-67.8136,182
4.8163,-67.6102,186
4.8163,-67.4068,282
4.8163,-67.2034,255
4.8163,-67.0,39
5.0408,-79.0,2264
5.0408,-78.7966,2471
5.0408,-78.5932,1599
5.0408,-78.3898,1905
5.0408,-78.1864,1713
5.0408,-77.9831,1565
5.0408,-77.7797,2365
5.0408,-77.5763,2282
5.0408,-77.3729,2371
5.0408,-77.1695,2513
5.0408,-76.9661,2642
5.0408,-76.7627,2054
5.0408,-76.5593,2108
5.0408,-76.3559,2414
5.0408,-76.1525,2600
5.0408,-75.9492,2211
5.0408,-75.7458,2445
5.0408,-75.5424,1676
5.0408,-75.339,1865
5.0408,-75.1356,1515
5.0408,-74.9322,779
5.0408,-74.7288,1134
5.0408,-74.5254,1444
5.0408,-74.322,863
5.0408,-74.1186,817
5.0408,-73.9153,1088
5.0408,-73.7119,1387
5.0408,-73.5085,1433
5.0408,-73.3051,1169
5.0408,-73.1017,686
5.0408,-72.8983,848
5.0408,-72.6949,1272
5.0408,-72.4915,842
5.0408,-72.2881,672
5.0408,-72.0847,1184
5.0408,-71.8814,128
5.0408,-71.678,245
5.0408,-71.4746,177
5.0408,-71.2712,132
5.0408,-71.0678,196
5.0408,-70.8644,251
5.0408,-70.661,185
5.0408,-70.4576,141
5.0408,-70.2542,208
5.0408,-70.0508,105
5.0408,-69.8475,0
5.0408,-69.6441,72
5.0408,-69.4407,331
5.0408,-69.2373,196
5.0408,-69.0339,255
5.0408,-68.8305,114
5.0408,-68.6271,319
5.0408,-68.4237,311
5.0408,-68.2203,344
5.0408,-68.0169,61
5.0408,-67.8136,215
5.0408,-67.6102,174
5.0408,-67.4068,331
5.0408,-67.2034,61
5.0408,-67.0,118
5.2653,-79.0,2886
5.2653,-78.7966,2747
5.2653,-78.5932,1755
5.2653,-78.3898,754
5.2653,-78.1864,2975
5.2653,-77.9831,1519
5.2653,-77.7797,3068
5.2653,-77.5763,2133
5.2653,-77.3729,2335
5.2653,-77.1695,2368
5.2653,-76.9661,1615
5.2653,-76.7627,2161
5.2653,-76.5593,1730
5.2653,-76.3559,1361
5.2653,-76.1525,1486
5.2653,-75.9492,1991
5.2653,-75.7458,2060
5.2653,-75.5424,1705
5.2653,-75.339,1685
5.2653,-75.1356,1637
5.2653,-74.9322,939
5.2653,-74.7288,1031
5.2653,-74.5254,1448
5.2653,-74.322,1383
5.2653,-74.1186,1402
5.2653,-73.9153,1249
5.2653,-73.7119,1102
5.2653,-73.5085,1256
5.2653,-73.3051,814
5.2653,-73.1017,1400
5.2653,-72.8983,789
5.2653,-72.6949,1513
5.2653,-72.4915,1509
5.2653,-72.2881,1527
5.2653,-72.0847,821
5.2653,-71.8814,106
5.2653,-71.678,345
5.2653,-71.4746,246
5.2653,-71.2712,305
5.2653,-71.0678,129
5.2653,-70.8644,196
5.2653,-70.661,248
5.2653,-70.4576,194
5.2653,-70.2542,190
5.2653,-70.0508,319
5.2653,-69.8475,100
5.2653,-69.6441,94
5.2653,-69.4407,191
5.2653,-69.2373,213
5.2653,-69.0339,66
5.2653,-68.8305,219
5.2653,-68.6271,245
5.2653,-68.4237,237
5.2653,-68.2203,424
5.2653,-68.0169,164
5.2653,-67.8136,57
5.2653,-67.6102,460
5.2653,-67.4068,268
5.2653,-67.2034,237
5.2653,-67.0,289
5.4898,-79.0,924
5.4898,-78.7966,1998
5.4898,-78.5932,1625
5.4898,-78.3898,1828
5.4898,-78.1864,2547
5.4898,-77.9831,1277
5.4898,-77.7797,2290
5.4898,-77.5763,1941
5.4898,-77.3729,2167
5.4898,-77.1695,2834
5.4898,-76.9661,1990
5.4898,-76.7627,2327
5.4898,-76.5593,1867
5.4898,-76.3559,2531
5.4898,-76.1525,1781
5.4898,-75.9492,2591
5.4898,-75.7458,1829
5.4898,-75.5424,2003
5.4898,-75.339,2345
5.4898,-75.1356,2282
5.4898,-74.9322,780
5.4898,-74.7288,371
5.4898,-74.5254,1013
5.4898,-74.322,1034
5.4898,-74.1186,1045
5.4898,-73.9153,637
5.4898,-73.7119,1156
5.4898,-73.5085,985
5.4898,-73.3051,1027
5.4898,-73.1017,1041
5.4898,-72.8983,1254
5.4898,-72.6949,894
5.4898,-72.4915,233
5.4898,-72.2881,1378
5.4898,-72.0847,1199
5.4898,-71.8814,355
5.4898,-71.678,224
5.4898,-71.4746,198
5.4898,-71.2712,219
5.4898,-71.0678,139
5.4898,-70.8644,312
5.4898,-70.661,129
5.4898,-70.4576,121
5.4898,-70.2542,215
5.4898,-70.0508,288
5.4898,-69.8475,240
5.4898,-69.6441,171
5.4898,-69.4407,152
5.4898,-69.2373,361
5.4898,-69.0339,326
5.4898,-68.8305,233
5.4898,-68.6271,259
5.4898,-68.4237,97
5.4898,-68.2203,98
5.4898,-68.0169,281
5.4898,-67.8136,207
5.4898,-67.6102,163
5.4898,-67.4068,103
5.4898,-67.2034,212
5.4898,-67.0,279
5.7143,-79.0,2459
5.7143,-78.7966,1826
5.7143,-78.5932,3021
5.7143,-78.3898,2010
5.7143,-78.1864,2118
5.7143,-77.9831,3087
5.7143,-77.7797,2032
5.7143,-77.5763,2081
5.7143,-77.3729,1589
5.7143,-77.1695,2323
5.7143,-76.9661,1422
5.7143,-76.7627,2932
5.7143,-76.5593,1940
5.7143,-76.3559,1898
5.7143,-76.1525,1341
5.7143,-75.9492,2055
5.7143,-75.7458,2151
5.7143,-75.5424,2256
5.7143,-75.339,2255
5.7143,-75.1356,2485
5.7143,-74.9322,1077
5.7143,-74.7288,593
5.7143,-74.5254,1156
5.7143,-74.322,757
5.7143,-74.1186,1567
5.7143,-73.9153,961
5.7143,-73.7119,1364
5.7143,-73.5085,417
5.7143,-73.3051,1215
5.7143,-73.1017,1022
5.7143,-72.8983,1136
5.7143,-72.6949,1329
5.7143,-72.4915,933
5.7143,-72.2881,986
5.7143,-72.0847,1022
5.7143,-71.8814,186
5.7143,-71.678,115
5.7143,-71.4746,277
5.7143,-71.2712,179
5.7143,-71.0678,137
5.7143,-70.8644,118
5.7143,-70.661,240
5.7143,-70.4576,140
5.7143,-70.2542,8
5.7143,-70.0508,242
5.7143,-69.8475,155
5.7143,-69.6441,322
5.7143,-69.4407,205
5.7143,-69.2373,524
5.7143,-69.0339,148
5.7143,-68.8305,226
5.7143,-68.6271,211
5.7143,-68.4237,256
5.7143,-68.2203,250
5.7143,-68.0169,146
5.7143,-67.8136,269
5.7143,-67.6102,0
5.7143,-67.4068,58
5.7143,-67.2034,336
5.7143,-67.0,346
5.9388,-79.0,2399
5.9388,-78.7966,1130
5.9388,-78.5932,1987
5.9388,-78.3898,2756
5.9388,-78.1864,1168
5.9388,-77.9831,1739
5.9388,-77.7797,1947
5.9388,-77.5763,1657
5.9388,-77.3729,2184
5.9388,-77.1695,2096
5.9388,-76.9661,2343
5.9388,-76.7627,1301
5.9388,-76.5593,1721
5.9388,-76.3559,2140
5.9388,-76.1525,984
5.9388,-75.9492,2627
5.9388,-75.7458,1587
5.9388,-75.5424,1421
5.9388,-75.339,2994
5.9388,-75.1356,2125
5.9388,-74.9322,610
5.9388,-74.7288,1042
5.9388,-74.5254,1103
5.9388,-74.322,741
5.9388,-74.1186,1002
5.9388,-73.9153,1427
5.9388,-73.7119,1346
5.9388,-73.5085,1095
5.9388,-73.3051,576
5.9388,-73.1017,990
5.9388,-72.8983,659
5.9388,-72.6949,454
5.9388,-72.4915,941
5.9388,-72.2881,647
5.9388,-72.0847,934
5.9388,-71.8814,47
5.9388,-71.678,284
5.9388,-71.4746,237
5.9388,-71.2712,110
5.9388,-71.0678,189
5.9388,-70.8644,133
5.9388,-70.661,156
5.9388,-70.4576,354
5.9388,-70.2542,247
5.9388,-70.0508,158
5.9388,-69.8475,171
5.9388,-69.6441,118
5.9388,-69.4407,156
5.9388,-69.2373,277
5.9388,-69.0339,423
5.9388,-68.8305,249
5.9388,-68.6271,82
5.9388,-68.4237,227
5.9388,-68.2203,393
5.9388,-68.0169,94
5.9388,-67.8136,287
5.9388,-67.6102,157
5.9388,-67.4068,170
5.9388,-67.2034,177
5.9388,-67.0,256
6.1633,-79.0,2038
6.1633,-78.7966,2434
6.1633,-78.5932,1196
6.1633,-78.3898,2662
6.1633,-78.1864,1844
6.1633,-77.9831,1319
6.1633,-77.7797,1923
6.1633,-77.5763,1889
6.1633,-77.3729,1107
6.1633,-77.1695,2391
6.1633,-76.9661,2123
6.1633,-76.7627,919
6.1633,-76.5593,2496
6.1633,-76.3559,1723
6.1633,-76.1525,1622
6.1633,-75.9492,3074
6.1633,-75.7458,2408
6.1633,-75.5424,1784
6.1633,-75.339,2785
6.1633,-75.1356,2017
6.1633,-74.9322,919
6.1633,-74.7288,512
6.1633,-74.5254,1133
6.1633,-74.322,792
6.1633,-74.1186,1032
6.1633,-73.9153,599
6.1633,-73.7119,1254
6.1633,-73.5085,1222
6.1633,-73.3051,852
6.1633,-73.1017,1255
6.1633,-72.8983,836
6.1633,-72.6949,1155
6.1633,-72.4915,995
6.1633,-72.2881,644
6.1633,-72.0847,533
6.1633,-71.8814,259
6.1633,-71.678,226
6.1633,-71.4746,173
6.1633,-71.2712,213
6.1633,-71.0678,202
6.1633,-70.8644,192
6.1633,-70.661,261
6.1633,-70.4576,230
6.1633,-70.2542,205
6.1633,-70.0508,421
6.1633,-69.8475,293
6.1633,-69.6441,349
6.1633,-69.4407,259
6.1633,-69.2373,167
6.1633,-69.0339,262
6.1633,-68.8305,345
6.1633,-68.6271,93
6.1633,-68.4237,440
6.1633,-68.2203,189
6.1633,-68.0169,312
6.1633,-67.8136,217
6.1633,-67.6102,163
6.1633,-67.4068,108
6.1633,-67.2034,222
6.1633,-67.0,244
6.3878,-79.0,2434
6.3878,-78.7966,2379
6.3878,-78.5932,1042
6.3878,-78.3898,1775
6.3878,-78.1864,2119
6.3878,-77.9831,1558
6.3878,-77.7797,1999
6.3878,-77.5763,1795
6.3878,-77.3729,1685
6.3878,-77.1695,2174
6.3878,-76.9661,1365
6.3878,-76.7627,2067
6.3878,-76.5593,2317
6.3878,-76.3559,1684
6.3878,-76.1525,1946
6.3878,-75.9492,2344
6.3878,-75.7458,1696
6.3878,-75.5424,1937
6.3878,-75.339,2453
6.3878,-75.1356,2363
6.3878,-74.9322,949
6.3878,-74.7288,682
6.3878,-74.5254,585
6.3878,-74.322,1078
6.3878,-74.1186,1017
6.3878,-73.9153,818
6.3878,-73.7119,1394
6.3878,-73.5085,697
6.3878,-73.3051,1170
6.3878,-73.1017,601
6.3878,-72.8983,671
6.3878,-72.6949,1023
6.3878,-72.4915,772
6.3878,-72.2881,110
6.3878,-72.0847,1496
6.3878,-71.8814,185
6.3878,-71.678,386
6.3878,-71.4746,128
6.3878,-71.2712,150
6.3878,-71.0678,106
6.3878,-70.8644,111
6.3878,-70.661,217
6.3878,-70.4576,20
6.3878,-70.2542,32
6.3878,-70.0508,101
6.3878,-69.8475,231
6.3878,-69.6441,225
6.3878,-69.4407,186
6.3878,-69.2373,95
6.3878,-69.0339,122
6.3878,-68.8305,134
6.3878,-68.6271,117
6.3878,-68.4237,258
6.3878,-68.2203,332
6.3878,-68.0169,239
6.3878,-67.8136,179
6.3878,-67.6102,239
6.3878,-67.4068,139
6.3878,-67.2034,65
6.3878,-67.0,358
6.6122,-79.0,2308
6.6122,-78.7966,1738
6.6122,-78.5932,2274
6.6122,-78.3898,1335
6.6122,-78.1864,2357
6.6122,-77.9831,1428
6.6122,-77.7797,2693
6.6122,-77.5763,2441
6.6122,-77.3729,1916
6.6122,-77.1695,2109
6.6122,-76.9661,1514
6.6122,-76.7627,1714
6.6122,-76.5593,1519
6.6122,-76.3559,1698
6.6122,-76.1525,2000
6.6122,-75.9492,2517
6.6122,-75.7458,1865
6.6122,-75.5424,1784
6.6122,-75.339,2275
6.6122,-75.1356,1277
6.6122,-74.9322,903
6.6122,-74.7288,1091
6.6122,-74.5254,1102
6.6122,-74.322,645
6.6122,-74.1186,744
6.6122,-73.9153,1863
6.6122,-73.7119,791
6.6122,-73.5085,1040
6.6122,-73.3051,1283
6.6122,-73.1017,950
6.6122,-72.8983,1423
6.6122,-72.6949,1132
6.6122,-72.4915,1530
6.6122,-72.2881,1518
6.6122,-72.0847,952
6.6122,-71.8814,374
6.6122,-71.678,120
6.6122,-71.4746,91
6.6122,-71.2712,357
6.6122,-71.0678,94
6.6122,-70.8644,303
6.6122,-70.661,204
6.6122,-70.4576,197
6.6122,-70.2542,96
6.6122,-70.0508,201
6.6122,-69.8475,116
6.6122,-69.6441,114
6.6122,-69.4407,94
6.6122,-69.2373,210
6.6122,-69.0339,298
6.6122,-68.8305,97
6.6122,-68.6271,122
6.6122,-68.4237,99
6.6122,-68.2203,226
6.6122,-68.0169,37
6.6122,-67.8136,226
6.6122,-67.6102,120
6.6122,-67.4068,297
6.6122,-67.2034,260
6.6122,-67.0,195
6.8367,-79.0,2467
6.8367,-78.7966,2220
6.8367,-78.5932,1725
6.8367,-78.3898,2486
6.8367,-78.1864,631
6.8367,-77.9831,2888
6.8367,-77.7797,4310
6.8367,-77.5763,1379
6.8367,-77.3729,2245
6.8367,-77.1695,2408
6.8367,-76.9661,1439
6.8367,-76.7627,1671
6.8367,-76.5593,1643
6.8367,-76.3559,1876
6.8367,-76.1525,1718
6.8367,-75.9492,2107
6.8367,-75.7458,1880
6.8367,-75.5424,1476
6.8367,-75.339,1133
6.8367,-75.1356,1656
6.8367,-74.9322,484
6.8367,-74.7288,715
6.8367,-74.5254,478
6.8367,-74.322,1003
6.8367,-74.1186,994
6.8367,-73.9153,747
6.8367,-73.7119,963
6.8367,-73.5085,1474
6.8367,-73.3051,662
6.8367,-73.1017,880
6.8367,-72.8983,1428
6.8367,-72.6949,946
6.8367,-72.4915,2133
6.8367,-72.2881,644
6.8367,-72.0847,1402
6.8367,-71.8814,177
6.8367,-71.678,276
6.8367,-71.4746,58
6.8367,-71.2712,163
6.8367,-71.0678,179
6.8367,-70.8644,304
6.8367,-70.661,97
6.8367,-70.4576,244
6.8367,-70.2542,126
6.8367,-70.0508,151
6.8367,-69.8475,88
6.8367,-69.6441,210
6.8367,-69.4407,213
6.8367,-69.2373,170
6.8367,-69.0339,93
6.8367,-68.8305,300
6.8367,-68.6271,347
6.8367,-68.4237,192
6.8367,-68.2203,158
6.8367,-68.0169,352
6.8367,-67.8136,184
6.8367,-67.6102,239
6.8367,-67.4068,159
6.8367,-67.2034,7
6.8367,-67.0,179
7.0612,-79.0,1936
7.0612,-78.7966,1549
7.0612,-78.5932,1381
7.0612,-78.3898,1610
7.0612,-78.1864,800
7.0612,-77.9831,2686
7.0612,-77.7797,2942
7.0612,-77.5763,2139
7.0612,-77.3729,1318
7.0612,-77.1695,2201
7.0612,-76.9661,1909
7.0612,-76.7627,2730
7.0612,-76.5593,1349
7.0612,-76.3559,2014
7.0612,-76.1525,2740
7.0612,-75.9492,2437
7.0612,-75.7458,2298
7.0612,-75.5424,2876
7.0612,-75.339,1898
7.0612,-75.1356,2309
7.0612,-74.9322,1051
7.0612,-74.7288,1613
7.0612,-74.5254,1150
7.0612,-74.322,722
7.0612,-74.1186,727
7.0612,-73.9153,1155
7.0612,-73.7119,1118
7.0612,-73.5085,784
7.0612,-73.3051,1361
7.0612,-73.1017,1400
7.0612,-72.8983,898
7.0612,-72.6949,775
7.0612,-72.4915,1432
7.0612,-72.2881,1095
7.0612,-72.0847,659
7.0612,-71.8814,208
7.0612,-71.678,185
7.0612,-71.4746,26
7.0612,-71.2712,146
7.0612,-71.0678,24
7.0612,-70.8644,284
7.0612,-70.661,266
7.0612,-70.4576,119
7.0612,-70.2542,246
7.0612,-70.0508,269
7.0612,-69.8475,164
7.0612,-69.6441,152
7.0612,-69.4407,57
7.0612,-69.2373,338
7.0612,-69.0339,59
7.0612,-68.8305,201
7.0612,-68.6271,227
7.0612,-68.4237,233
7.0612,-68.2203,121
7.0612,-68.0169,195
7.0612,-67.8136,245
7.0612,-67.6102,153
7.0612,-67.4068,259
7.0612,-67.2034,131
7.0612,-67.0,175
7.2857,-79.0,1545
7.2857,-78.7966,1356
7.2857,-78.5932,2084
7.2857,-78.3898,1514
7.2857,-78.1864,2387
7.2857,-77.9831,2248
7.2857,-77.7797,2219
7.2857,-77.5763,2419
7.2857,-77.3729,1778
7.2857,-77.1695,2400
7.2857,-76.9661,2390
7.2857,-76.7627,1615
7.2857,-76.5593,1796
7.2857,-76.3559,2210
7.2857,-76.1525,1972
7.2857,-75.9492,1615
7.2857,-75.7458,2503
7.2857,-75.5424,2055
7.2857,-75.339,2261
7.2857,-75.1356,1814
7.2857,-74.9322,820
7.2857,-74.7288,565
7.2857,-74.5254,906
7.2857,-74.322,666
7.2857,-74.1186,794
7.2857,-73.9153,1432
7.2857,-73.7119,567
7.2857,-73.5085,788
7.2857,-73.3051,897
7.2857,-73.1017,940
7.2857,-72.8983,1244
7.2857,-72.6949,947
7.2857,-72.4915,1101
7.2857,-72.2881,867
7.2857,-72.0847,1462
7.2857,-71.8814,147
7.2857,-71.678,24
7.2857,-71.4746,111
7.2857,-71.2712,215
7.2857,-71.0678,115
7.2857,-70.8644,154
7.2857,-70.661,398
7.2857,-70.4576,137
7.2857,-70.2542,228
7.2857,-70.0508,144
7.2857,-69.8475,198
7.2857,-69.6441,159
7.2857,-69.4407,288
7.2857,-69.2373,354
7.2857,-69.0339,60
7.2857,-68.8305,336
7.2857,-68.6271,279
7.2857,-68.4237,171
7.2857,-68.2203,362
7.2857,-68.0169,256
7.2857,-67.8136,80
7.2857,-67.6102,158
7.2857,-67.4068,281
7.2857,-67.2034,55
7.2857,-67.0,148
7.5102,-79.0,1632
7.5102,-78.7966,1770
7.5102,-78.5932,2233
7.5102,-78.3898,1666
7.5102,-78.1864,1311
7.5102,-77.9831,2225
7.5102,-77.7797,1735
7.5102,-77.5763,905
7.5102,-77.3729,2230
7.5102,-77.1695,1906
7.5102,-76.9661,1485
7.5102,-76.7627,2407
7.5102,-76.5593,1806
7.5102,-76.3559,1151
7.5102,-76.1525,1825
7.5102,-75.9492,1566
7.5102,-75.7458,2653
7.5102,-75.5424,2341
7.5102,-75.339,2640
7.5102,-75.1356,1766
7.5102,-74.9322,56
7.5102,-74.7288,1148
7.5102,-74.5254,800
7.5102,-74.322,589
7.5102,-74.1186,1069
7.5102,-73.9153,977
7.5102,-73.7119,823
7.5102,-73.5085,1458
7.5102,-73.3051,875
7.5102,-73.1017,545
7.5102,-72.8983,1017
7.5102,-72.6949,751
7.5102,-72.4915,809
7.5102,-72.2881,1004
7.5102,-72.0847,636
7.5102,-71.8814,222
7.5102,-71.678,218
7.5102,-71.4746,267
7.5102,-71.2712,102
7.5102,-71.0678,153
7.5102,-70.8644,186
7.5102,-70.661,189
7.5102,-70.4576,0
7.5102,-70.2542,368
7.5102,-70.0508,281
7.5102,-69.8475,279
7.5102,-69.6441,295
7.5102,-69.4407,172
7.5102,-69.2373,278
7.5102,-69.0339,205
7.5102,-68.8305,249
7.5102,-68.6271,353
7.5102,-68.4237,226
7.5102,-68.2203,213
7.5102,-68.0169,154
7.5102,-67.8136,225
7.5102,-67.6102,249
7.5102,-67.4068,183
7.5102,-67.2034,225
7.5102,-67.0,291
7.7347,-79.0,2154
7.7347,-78.7966,1376
7.7347,-78.5932,2071
7.7347,-78.3898,1724
7.7347,-78.1864,1931
7.7347,-77.9831,2243
7.7347,-77.7797,2310
7.7347,-77.5763,2247
7.7347,-77.3729,2598
7.7347,-77.1695,2331
7.7347,-76.9661,2252
7.7347,-76.7627,2844
7.7347,-76.5593,1743
7.7347,-76.3559,2468
7.7347,-76.1525,1673
7.7347,-75.9492,2192
7.7347,-75.7458,1495
7.7347,-75.5424,2236
7.7347,-75.339,2157
7.7347,-75.1356,2078
7.7347,-74.9322,1210
7.7347,-74.7288,1433
7.7347,-74.5254,1104
7.7347,-74.322,797
7.7347,-74.1186,620
7.7347,-73.9153,1376
7.7347,-73.7119,492
7.7347,-73.5085,1051
7.7347,-73.3051,1310
7.7347,-73.1017,520
7.7347,-72.8983,1059
7.7347,-72.6949,1779
7.7347,-72.4915,1147
7.7347,-72.2881,1140
7.7347,-72.0847,1237
7.7347,-71.8814,64
7.7347,-71.678,333
7.7347,-71.4746,7
7.7347,-71.2712,240
7.7347,-71.0678,376
7.7347,-70.8644,118
7.7347,-70.661,234
7.7347,-70.4576,191
7.7347,-70.2542,221
7.7347,-70.0508,428
7.7347,-69.8475,232
7.7347,-69.6441,241
7.7347,-69.4407,78
7.7347,-69.2373,236
7.7347,-69.0339,223
7.7347,-68.8305,0
7.7347,-68.6271,158
7.7347,-68.4237,347
7.7347,-68.2203,109
7.7347,-68.0169,194
7.7347,-67.8136,357
7.7347,-67.6102,229
7.7347,-67.4068,441
7.7347,-67.2034,224
7.7347,-67.0,270
7.9592,-79.0,1521
7.9592,-78.7966,2039
7.9592,-78.5932,2364
7.9592,-78.3898,2054
7.9592,-78.1864,1859
7.9592,-77.9831,2785
7.9592,-77.7797,1807
7.9592,-77.5763,2485
7.9592,-77.3729,2397
7.9592,-77.1695,2462
7.9592,-76.9661,1451
7.9592,-76.7627,2569
7.9592,-76.5593,1615
7.9592,-76.3559,2293
7.9592,-76.1525,1264
7.9592,-75.9492,1017
7.9592,-75.7458,1935
7.9592,-75.5424,2208
7.9592,-75.339,3165
7.9592,-75.1356,2020
7.9592,-74.9322,1390
7.9592,-74.7288,1122
7.9592,-74.5254,803
7.9592,-74.322,587
7.9592,-74.1186,934
7.9592,-73.9153,454
7.9592,-73.7119,1223
7.9592,-73.5085,907
7.9592,-73.3051,1248
7.9592,-73.1017,911
7.9592,-72.8983,1256
7.9592,-72.6949,1320
7.9592,-72.4915,726
7.9592,-72.2881,1042
7.9592,-72.0847,184
7.9592,-71.8814,140
7.9592,-71.678,98
7.9592,-71.4746,249
7.9592,-71.2712,363
7.9592,-71.0678,232
7.9592,-70.8644,114
7.9592,-70.661,326
7.9592,-70.4576,363
7.9592,-70.2542,47
7.9592,-70.0508,132
7.9592,-69.8475,126
7.9592,-69.6441,146
7.9592,-69.4407,136
7.9592,-69.2373,307
7.9592,-69.0339,271
7.9592,-68.8305,393
7.9592,-68.6271,186
7.9592,-68.4237,147
7.9592,-68.2203,286
7.9592,-68.0169,55
7.9592,-67.8136,246
7.9592,-67.6102,293
7.9592,-67.4068,132
7.9592,-67.2034,334
7.9592,-67.0,177
8.1837,-79.0,2495
8.1837,-78.7966,2051
8.1837,-78.5932,2386
8.1837,-78.3898,2310
8.1837,-78.1864,1887
8.1837,-77.9831,1920
8.1837,-77.7797,1010
8.1837,-77.5763,1203
8.1837,-77.3729,2852
8.1837,-77.1695,2272
8.1837,-76.9661,2851
8.1837,-76.7627,2581
8.1837,-76.5593,2383
8.1837,-76.3559,2273
8.1837,-76.1525,1255
8.1837,-75.9492,1397
8.1837,-75.7458,2624
8.1837,-75.5424,1580
8.1837,-75.339,1138
8.1837,-75.1356,2206
8.1837,-74.9322,1317
8.1837,-74.7288,1102
8.1837,-74.5254,982
8.1837,-74.322,437
8.1837,-74.1186,1308
8.1837,-73.9153,927
8.1837,-73.7119,972
8.1837,-73.5085,993
8.1837,-73.3051,934
8.1837,-73.1017,1034
8.1837,-72.8983,961
8.1837,-72.6949,1153
8.1837,-72.4915,928
8.1837,-72.2881,1153
8.1837,-72.0847,1032
8.1837,-71.8814,134
8.1837,-71.678,218
8.1837,-71.4746,141
8.1837,-71.2712,121
8.1837,-71.0678,236
8.1837,-70.8644,291
8.1837,-70.661,68
8.1837,-70.4576,188
8.1837,-70.2542,316
8.1837,-70.0508,156
8.1837,-69.8475,203
8.1837,-69.6441,162
8.1837,-69.4407,196
8.1837,-69.2373,251
8.1837,-69.0339,153
8.1837,-68.8305,174
8.1837,-68.6271,218
8.1837,-68.4237,180
8.1837,-68.2203,323
8.1837,-68.0169,163
8.1837,-67.8136,239
8.1837,-67.6102,163
8.1837,-67.4068,214
8.1837,-67.2034,4
8.1837,-67.0,259
8.4082,-79.0,2112
8.4082,-78.7966,1514
8.4082,-78.5932,2655
8.4082,-78.3898,1573
8.4082,-78.1864,1784
8.4082,-77.9831,3116
8.4082,-77.7797,2184
8.4082,-77.5763,2017
8.4082,-77.3729,2200
8.4082,-77.1695,3000
8.4082,-76.9661,2424
8.4082,-76.7627,1973
8.4082,-76.5593,1776
8.4082,-76.3559,2073
8.4082,-76.1525,1535
8.4082,-75.9492,1259
8.4082,-75.7458,1519
8.4082,-75.5424,1718
8.4082,-75.339,1267
8.4082,-75.1356,2322
8.4082,-74.9322,716
8.4082,-74.7288,1254
8.4082,-74.5254,806
8.4082,-74.322,819
8.4082,-74.1186,1285
8.4082,-73.9153,1269
8.4082,-73.7119,1098
8.4082,-73.5085,749
8.4082,-73.3051,1332
8.4082,-73.1017,1058
8.4082,-72.8983,589
8.4082,-72.6949,962
8.4082,-72.4915,690
8.4082,-72.2881,1059
8.4082,-72.0847,739
8.4082,-71.8814,238
8.4082,-71.678,92
8.4082,-71.4746,56
8.4082,-71.2712,191
8.4082,-71.0678,348
8.4082,-70.8644,0
8.4082,-70.661,45
8.4082,-70.4576,96
8.4082,-70.2542,255
8.4082,-70.0508,117
8.4082,-69.8475,205
8.4082,-69.6441,233
8.4082,-69.4407,282
8.4082,-69.2373,123
8.4082,-69.0339,258
8.4082,-68.8305,185
8.4082,-68.6271,78
8.4082,-68.4237,304
8.4082,-68.2203,337
8.4082,-68.0169,240
8.4082,-67.8136,277
8.4082,-67.6102,124
8.4082,-67.4068,325
8.4082,-67.2034,189
8.4082,-67.0,291
8.6327,-79.0,1909
8.6327,-78.7966,2028
8.6327,-78.5932,1885
8.6327,-78.3898,2036
8.6327,-78.1864,2466
8.6327,-77.9831,2322
8.6327,-77.7797,1544
8.6327,-77.5763,2140
8.6327,-77.3729,1874
8.6327,-77.1695,1687
8.6327,-76.9661,1077
8.6327,-76.7627,2886
8.6327,-76.5593,1802
8.6327,-76.3559,1386
8.6327,-76.1525,2359
8.6327,-75.9492,1095
8.6327,-75.7458,1702
8.6327,-75.5424,831
8.6327,-75.339,2509
8.6327,-75.1356,1813
8.6327,-74.9322,1031
8.6327,-74.7288,1237
8.6327,-74.5254,1490
8.6327,-74.322,623
8.6327,-74.1186,822
8.6327,-73.9153,956
8.6327,-73.7119,652
8.6327,-73.5085,997
8.6327,-73.3051,893
8.6327,-73.1017,1378
8.6327,-72.8983,1841
8.6327,-72.6949,599
8.6327,-72.4915,996
8.6327,-72.2881,816
8.6327,-72.0847,1307
8.6327,-71.8814,219
8.6327,-71.678,164
8.6327,-71.4746,245
8.6327,-71.2712,79
8.6327,-71.0678,237
8.6327,-70.8644,0
8.6327,-70.661,355
8.6327,-70.4576,217
8.6327,-70.2542,223
8.6327,-70.0508,286
8.6327,-69.8475,82
8.6327,-69.6441,136
8.6327,-69.4407,108
8.6327,-69.2373,322
8.6327,-69.0339,114
8.6327,-68.8305,297
8.6327,-68.6271,186
8.6327,-68.4237,0
8.6327,-68.2203,223
8.6327,-68.0169,335
8.6327,-67.8136,51
8.6327,-67.6102,401
8.6327,-67.4068,393
8.6327,-67.2034,120
8.6327,-67.0,242
8.8571,-79.0,1441
8.8571,-78.7966,2763
8.8571,-78.5932,2125
8.8571,-78.3898,1082
8.8571,-78.1864,1964
8.8571,-77.9831,451
8.8571,-77.7797,1590
8.8571,-77.5763,3436
8.8571,-77.3729,1891
8.8571,-77.1695,3042
8.8571,-76.9661,1350
8.8571,-76.7627,1071
8.8571,-76.5593,2564
8.8571,-76.3559,1805
8.8571,-76.1525,1467
8.8571,-75.9492,1043
8.8571,-75.7458,1559
8.8571,-75.5424,1956
8.8571,-75.339,2091
8.8571,-75.1356,2259
8.8571,-74.9322,482
8.8571,-74.7288,1475
8.8571,-74.5254,805
8.8571,-74.322,1552
8.8571,-74.1186,1163
8.8571,-73.9153,1316
8.8571,-73.7119,1432
8.8571,-73.5085,1039
8.8571,-73.3051,793
8.8571,-73.1017,953
8.8571,-72.8983,1281
8.8571,-72.6949,1136
8.8571,-72.4915,530
8.8571,-72.2881,976
8.8571,-72.0847,656
8.8571,-71.8814,126
8.8571,-71.678,0
8.8571,-71.4746,351
8.8571,-71.2712,183
8.8571,-71.0678,210
8.8571,-70.8644,80
8.8571,-70.661,341
8.8571,-70.4576,148
8.8571,-70.2542,499
8.8571,-70.0508,40
8.8571,-69.8475,99
8.8571,-69.6441,307
8.8571,-69.4407,225
8.8571,-69.2373,214
8.8571,-69.0339,357
8.8571,-68.8305,273
8.8571,-68.6271,110
8.8571,-68.4237,187
8.8571,-68.2203,260
8.8571,-68.0169,487
8.8571,-67.8136,236
8.8571,-67.6102,273
8.8571,-67.4068,273
8.8571,-67.2034,165
8.8571,-67.0,71
9.0816,-79.0,2446
9.0816,-78.7966,2287
9.0816,-78.5932,1582
9.0816,-78.3898,1775
9.0816,-78.1864,2025
9.0816,-77.9831,3145
9.0816,-77.7797,2247
9.0816,-77.5763,1734
9.0816,-77.3729,2188
9.0816,-77.1695,2184
9.0816,-76.9661,2379
9.0816,-76.7627,2184
9.0816,-76.5593,1772
9.0816,-76.3559,1853
9.0816,-76.1525,1399
9.0816,-75.9492,2244
9.0816,-75.7458,2425
9.0816,-75.5424,1678
9.0816,-75.339,1195
9.0816,-75.1356,2782
9.0816,-74.9322,1293
9.0816,-74.7288,618
9.0816,-74.5254,609
9.0816,-74.322,688
9.0816,-74.1186,968
9.0816,-73.9153,560
9.0816,-73.7119,790
9.0816,-73.5085,1086
9.0816,-73.3051,643
9.0816,-73.1017,1244
9.0816,-72.8983,533
9.0816,-72.6949,712
9.0816,-72.4915,923
9.0816,-72.2881,1229
9.0816,-72.0847,1501
9.0816,-71.8814,64
9.0816,-71.678,332
9.0816,-71.4746,5
9.0816,-71.2712,96
9.0816,-71.0678,258
9.0816,-70.8644,69
9.0816,-70.661,46
9.0816,-70.4576,287
9.0816,-70.2542,95
9.0816,-70.0508,127
9.0816,-69.8475,222
9.0816,-69.6441,307
9.0816,-69.4407,378
9.0816,-69.2373,296
9.0816,-69.0339,303
9.0816,-68.8305,189
9.0816,-68.6271,205
9.0816,-68.4237,368
9.0816,-68.2203,324
9.0816,-68.0169,291
9.0816,-67.8136,296
9.0816,-67.6102,395
9.0816,-67.4068,211
9.0816,-67.2034,133
9.0816,-67.0,191
9.3061,-79.0,2875
9.3061,-78.7966,1795
9.3061,-78.5932,1867
9.3061,-78.3898,2493
9.3061,-78.1864,1878
9.3061,-77.9831,1274
9.3061,-77.7797,1678
9.3061,-77.5763,1917
9.3061,-77.3729,1735
9.3061,-77.1695,2511
9.3061,-76.9661,1337
9.3061,-76.7627,2019
9.3061,-76.5593,2245
9.3061,-76.3559,2193
9.3061,-76.1525,2193
9.3061,-75.9492,2515
9.3061,-75.7458,1921
9.3061,-75.5424,1259
9.3061,-75.339,2491
9.3061,-75.1356,1373
9.3061,-74.9322,1298
9.3061,-74.7288,1628
9.3061,-74.5254,712
9.3061,-74.322,390
9.3061,-74.1186,653
9.3061,-73.9153,680
9.3061,-73.7119,618
9.3061,-73.5085,735
9.3061,-73.3051,591
9.3061,-73.1017,835
9.3061,-72.8983,772
9.3061,-72.6949,751
9.3061,-72.4915,1052
9.3061,-72.2881,854
9.3061,-72.0847,1015
9.3061,-71.8814,274
9.3061,-71.678,215
9.3061,-71.4746,87
9.3061,-71.2712,327
9.3061,-71.0678,156
9.3061,-70.8644,279
9.3061,-70.661,226
9.3061,-70.4576,249
9.3061,-70.2542,262
9.3061,-70.0508,186
9.3061,-69.8475,291
9.3061,-69.6441,170
9.3061,-69.4407,143
9.3061,-69.2373,226
9.3061,-69.0339,221
9.3061,-68.8305,223
9.3061,-68.6271,319
9.3061,-68.4237,134
9.3061,-68.2203,251
9.3061,-68.0169,176
9.3061,-67.8136,129
9.3061,-67.6102,97
9.3061,-67.4068,320
9.3061,-67.2034,164
9.3061,-67.0,158
9.5306,-79.0,1769
9.5306,-78.7966,1841
9.5306,-78.5932,1450
9.5306,-78.3898,2290
9.5306,-78.1864,1824
9.5306,-77.9831,2515
9.5306,-77.7797,1950
9.5306,-77.5763,1984
9.5306,-77.3729,3094
9.5306,-77.1695,2228
9.5306,-76.9661,1810
9.5306,-76.7627,2355
9.5306,-76.5593,1584
9.5306,-76.3559,1648
9.5306,-76.1525,1876
9.5306,-75.9492,1268
9.5306,-75.7458,2131
9.5306,-75.5424,1781
9.5306,-75.339,2581
9.5306,-75.1356,1920
9.5306,-74.9322,1039
9.5306,-74.7288,1364
9.5306,-74.5254,1265
9.5306,-74.322,1386
9.5306,-74.1186,1394
9.5306,-73.9153,1030
9.5306,-73.7119,1561
9.5306,-73.5085,947
9.5306,-73.3051,1513
9.5306,-73.1017,1120
9.5306,-72.8983,872
9.5306,-72.6949,1238
9.5306,-72.4915,814
9.5306,-72.2881,1210
9.5306,-72.0847,873
9.5306,-71.8814,349
9.5306,-71.678,148
9.5306,-71.4746,239
9.5306,-71.2712,163
9.5306,-71.0678,170
9.5306,-70.8644,159
9.5306,-70.661,220
9.5306,-70.4576,184
9.5306,-70.2542,277
9.5306,-70.0508,134
9.5306,-69.8475,203
9.5306,-69.6441,125
9.5306,-69.4407,137
9.5306,-69.2373,142
9.5306,-69.0339,208
9.5306,-68.8305,130
9.5306,-68.6271,263
9.5306,-68.4237,86
9.5306,-68.2203,179
9.5306,-68.0169,365
9.5306,-67.8136,72
9.5306,-67.6102,150
9.5306,-67.4068,112
9.5306,-67.2034,274
9.5306,-67.0,167
9.7551,-79.0,1053
9.7551,-78.7966,2783
9.7551,-78.5932,2409
9.7551,-78.3898,1032
9.7551,-78.1864,1112
9.7551,-77.9831,1016
9.7551,-77.7797,1712
9.7551,-77.5763,2357
9.7551,-77.3729,2518
9.7551,-77.1695,2071
9.7551,-76.9661,1978
9.7551,-76.7627,2633
9.7551,-76.5593,2903
9.7551,-76.3559,2395
9.7551,-76.1525,1560
9.7551,-75.9492,2365
9.7551,-75.7458,2037
9.7551,-75.5424,1264
9.7551,-75.339,2236
9.7551,-75.1356,2369
9.7551,-74.9322,1022
9.7551,-74.7288,809
9.7551,-74.5254,1043
9.7551,-74.322,558
9.7551,-74.1186,1166
9.7551,-73.9153,921
9.7551,-73.7119,1221
9.7551,-73.5085,1490
9.7551,-73.3051,734
9.7551,-73.1017,707
9.7551,-72.8983,894
9.7551,-72.6949,894
9.7551,-72.4915,870
9.7551,-72.2881,626
9.7551,-72.0847,626
9.7551,-71.8814,307
9.7551,-71.678,170
9.7551,-71.4746,320
9.7551,-71.2712,211
9.7551,-71.0678,111
9.7551,-70.8644,257
9.7551,-70.661,243
9.7551,-70.4576,192
9.7551,-70.2542,147
9.7551,-70.0508,304
9.7551,-69.8475,129
9.7551,-69.6441,222
9.7551,-69.4407,264
9.7551,-69.2373,165
9.7551,-69.0339,135
9.7551,-68.8305,60
9.7551,-68.6271,159
9.7551,-68.4237,427
9.7551,-68.2203,212
9.7551,-68.0169,130
9.7551,-67.8136,76
9.7551,-67.6102,97
9.7551,-67.4068,177
9.7551,-67.2034,203
9.7551,-67.0,329
9.9796,-79.0,1661
9.9796,-78.7966,2177
9.9796,-78.5932,1200
9.9796,-78.3898,2846
9.9796,-78.1864,2695
9.9796,-77.9831,1947
9.9796,-77.7797,2424
9.9796,-77.5763,2556
9.9796,-77.3729,606
9.9796,-77.1695,2081
9.9796,-76.9661,3234
9.9796,-76.7627,2102
9.9796,-76.5593,981
9.9796,-76.3559,2349
9.9796,-76.1525,1652
9.9796,-75.9492,1292
9.9796,-75.7458,2153
9.9796,-75.5424,1804
9.9796,-75.339,1979
9.9796,-75.1356,2026
9.9796,-74.9322,904
9.9796,-74.7288,990
9.9796,-74.5254,935
9.9796,-74.322,814
9.9796,-74.1186,831
9.9796,-73.9153,1436
9.9796,-73.7119,1105
9.9796,-73.5085,1153
9.9796,-73.3051,691
9.9796,-73.1017,1381
9.9796,-72.8983,1148
9.9796,-72.6949,923
9.9796,-72.4915,1330
9.9796,-72.2881,1024
9.9796,-72.0847,790
9.9796,-71.8814,245
9.9796,-71.678,316
9.9796,-71.4746,107
9.9796,-71.2712,105
9.9796,-71.0678,158
9.9796,-70.8644,241
9.9796,-70.661,314
9.9796,-70.4576,253
9.9796,-70.2542,183
9.9796,-70.0508,285
9.9796,-69.8475,252
9.9796,-69.6441,80
9.9796,-69.4407,128
9.9796,-69.2373,167
9.9796,-69.0339,90
9.9796,-68.8305,254
9.9796,-68.6271,335
9.9796,-68.4237,263
9.9796,-68.2203,196
9.9796,-68.0169,176
9.9796,-67.8136,81
9.9796,-67.6102,267
9.9796,-67.4068,135
9.9796,-67.2034,298
9.9796,-67.0,42
10.2041,-79.0,1946
10.2041,-78.7966,1800
10.2041,-78.5932,2384
10.2041,-78.3898,1583
10.2041,-78.1864,1922
10.2041,-77.9831,2063
10.2041,-77.7797,2446
10.2041,-77.5763,2095
10.2041,-77.3729,2230
10.2041,-77.1695,1954
10.2041,-76.9661,2133
10.2041,-76.7627,1587
10.2041,-76.5593,3046
10.2041,-76.3559,2912
10.2041,-76.1525,1728
10.2041,-75.9492,2466
10.2041,-75.7458,2320
10.2041,-75.5424,1565
10.2041,-75.339,2144
10.2041,-75.1356,2069
10.2041,-74.9322,1172
10.2041,-74.7288,1186
10.2041,-74.5254,460
10.2041,-74.322,1033
10.2041,-74.1186,1106
10.2041,-73.9153,1040
10.2041,-73.7119,991
10.2041,-73.5085,701
10.2041,-73.3051,582
10.2041,-73.1017,1129
10.2041,-72.8983,541
10.2041,-72.6949,859
10.2041,-72.4915,506
10.2041,-72.2881,804
10.2041,-72.0847,951
10.2041,-71.8814,292
10.2041,-71.678,0
10.2041,-71.4746,260
10.2041,-71.2712,195
10.2041,-71.0678,271
10.2041,-70.8644,250
10.2041,-70.661,172
10.2041,-70.4576,303
10.2041,-70.2542,365
10.2041,-70.0508,166
10.2041,-69.8475,31
10.2041,-69.6441,64
10.2041,-69.4407,180
10.2041,-69.2373,254
10.2041,-69.0339,280
10.2041,-68.8305,271
10.2041,-68.6271,284
10.2041,-68.4237,174
10.2041,-68.2203,191
10.2041,-68.0169,188
10.2041,-67.8136,0
10.2041,-67.6102,92
10.2041,-67.4068,112
10.2041,-67.2034,220
10.2041,-67.0,331
10.4286,-79.0,1960
10.4286,-78.7966,2032
10.4286,-78.5932,1912
10.4286,-78.3898,1753
10.4286,-78.1864,2603
10.4286,-77.9831,2387
10.4286,-77.7797,2019
10.4286,-77.5763,2237
10.4286,-77.3729,1655
10.4286,-77.1695,1920
10.4286,-76.9661,2770
10.4286,-76.7627,3057
10.4286,-76.5593,2866
10.4286,-76.3559,1905
10.4286,-76.1525,2085
10.4286,-75.9492,1822
10.4286,-75.7458,2803
10.4286,-75.5424,2089
10.4286,-75.339,2234
10.4286,-75.1356,1928
10.4286,-74.9322,1060
10.4286,-74.7288,1131
10.4286,-74.5254,953
10.4286,-74.322,801
10.4286,-74.1186,1177
10.4286,-73.9153,786
10.4286,-73.7119,502
10.4286,-73.5085,1035
10.4286,-73.3051,1135
10.4286,-73.1017,1378
10.4286,-72.8983,443
10.4286,-72.6949,1000
10.4286,-72.4915,1247
10.4286,-72.2881,657
10.4286,-72.0847,1198
10.4286,-71.8814,178
10.4286,-71.678,233
10.4286,-71.4746,420
10.4286,-71.2712,187
10.4286,-71.0678,117
10.4286,-70.8644,101
10.4286,-70.661,195
10.4286,-70.4576,322
10.4286,-70.2542,300
10.4286,-70.0508,356
10.4286,-69.8475,221
10.4286,-69.6441,118
10.4286,-69.4407,159
10.4286,-69.2373,229
10.4286,-69.0339,179
10.4286,-68.8305,235
10.4286,-68.6271,132
10.4286,-68.4237,225
10.4286,-68.2203,102
10.4286,-68.0169,345
10.4286,-67.8136,253
10.4286,-67.6102,111
10.4286,-67.4068,98
10.4286,-67.2034,89
10.4286,-67.0,180
10.6531,-79.0,1891
10.6531,-78.7966,2012
10.6531,-78.5932,1889
10.6531,-78.3898,2074
10.6531,-78.1864,867
10.6531,-77.9831,1147
10.6531,-77.7797,1951
10.6531,-77.5763,2778
10.6531,-77.3729,2728
10.6531,-77.1695,2399
10.6531,-76.9661,2045
10.6531,-76.7627,1916
10.6531,-76.5593,1944
10.6531,-76.3559,1837
10.6531,-76.1525,1884
10.6531,-75.9492,2472
10.6531,-75.7458,1887
10.6531,-75.5424,2731
10.6531,-75.339,1875
10.6531,-75.1356,1695
10.6531,-74.9322,1348
10.6531,-74.7288,957
10.6531,-74.5254,1281
10.6531,-74.322,1350
10.6531,-74.1186,1096
10.6531,-73.9153,931
10.6531,-73.7119,995
10.6531,-73.5085,1237
10.6531,-73.3051,975
10.6531,-73.1017,859
10.6531,-72.8983,1318
10.6531,-72.6949,728
10.6531,-72.4915,1100
10.6531,-72.2881,673
10.6531,-72.0847,1118
10.6531,-71.8814,116
10.6531,-71.678,20
10.6531,-71.4746,324
10.6531,-71.2712,342
10.6531,-71.0678,353
10.6531,-70.8644,114
10.6531,-70.661,149
10.6531,-70.4576,174
10.6531,-70.2542,96
10.6531,-70.0508,90
10.6531,-69.8475,471
10.6531,-69.6441,83
10.6531,-69.4407,182
10.6531,-69.2373,200
10.6531,-69.0339,224
10.6531,-68.8305,117
10.6531,-68.6271,294
10.6531,-68.4237,394
10.6531,-68.2203,91
10.6531,-68.0169,149
10.6531,-67.8136,157
10.6531,-67.6102,187
10.6531,-67.4068,84
10.6531,-67.2034,105
10.6531,-67.0,213
10.8776,-79.0,1418
10.8776,-78.7966,1815
10.8776,-78.5932,1627
10.8776,-78.3898,2290
10.8776,-78.1864,1656
10.8776,-77.9831,2223
10.8776,-77.7797,1798
10.8776,-77.5763,1546
10.8776,-77.3729,1853
10.8776,-77.1695,1794
10.8776,-76.9661,2295
10.8776,-76.7627,2055
10.8776,-76.5593,1779
10.8776,-76.3559,2173
10.8776,-76.1525,2535
10.8776,-75.9492,1777
10.8776,-75.7458,3400
10.8776,-75.5424,2288
10.8776,-75.339,1463
10.8776,-75.1356,1271
10.8776,-74.9322,877
10.8776,-74.7288,1219
10.8776,-74.5254,1092
10.8776,-74.322,1018
10.8776,-74.1186,1235
10.8776,-73.9153,759
10.8776,-73.7119,1001
10.8776,-73.5085,938
10.8776,-73.3051,1159
10.8776,-73.1017,1257
10.8776,-72.8983,1078
10.8776,-72.6949,1591
10.8776,-72.4915,1016
10.8776,-72.2881,717
10.8776,-72.0847,1319
10.8776,-71.8814,59
10.8776,-71.678,59
10.8776,-71.4746,125
10.8776,-71.2712,240
10.8776,-71.0678,35
10.8776,-70.8644,352
10.8776,-70.661,66
10.8776,-70.4576,163
10.8776,-70.2542,186
10.8776,-70.0508,177
10.8776,-69.8475,114
10.8776,-69.6441,298
10.8776,-69.4407,230
10.8776,-69.2373,205
10.8776,-69.0339,256
10.8776,-68.8305,153
10.8776,-68.6271,232
10.8776,-68.4237,116
10.8776,-68.2203,245
10.8776,-68.0169,109
10.8776,-67.8136,226
10.8776,-67.6102,0
10.8776,-67.4068,216
10.8776,-67.2034,166
10.8776,-67.0,186
11.102,-79.0,1636
11.102,-78.7966,1972
11.102,-78.5932,1435
11.102,-78.3898,1649
11.102,-78.1864,1854
11.102,-77.9831,2182
11.102,-77.7797,2630
11.102,-77.5763,1867
11.102,-77.3729,1751
11.102,-77.1695,1682
11.102,-76.9661,1843
11.102,-76.7627,1445
11.102,-76.5593,1407
11.102,-76.3559,1708
11.102,-76.1525,2225
11.102,-75.9492,2636
11.102,-75.7458,1803
11.102,-75.5424,2049
11.102,-75.339,3149
11.102,-75.1356,1442
11.102,-74.9322,1113
11.102,-74.7288,457
11.102,-74.5254,1129
11.102,-74.322,989
11.102,-74.1186,912
11.102,-73.9153,800
11.102,-73.7119,1317
11.102,-73.5085,1154
11.102,-73.3051,969
11.102,-73.1017,1344
11.102,-72.8983,794
11.102,-72.6949,1205
11.102,-72.4915,843
11.102,-72.2881,1059
11.102,-72.0847,1002
11.102,-71.8814,177
11.102,-71.678,289
11.102,-71.4746,193
11.102,-71.2712,36
11.102,-71.0678,206
11.102,-70.8644,319
11.102,-70.661,164
11.102,-70.4576,102
11.102,-70.2542,257
11.102,-70.0508,229
11.102,-69.8475,59
11.102,-69.6441,67
11.102,-69.4407,177
11.102,-69.2373,220
11.102,-69.0339,318
11.102,-68.8305,66
11.102,-68.6271,81
11.102,-68.4237,246
11.102,-68.2203,264
11.102,-68.0169,271
11.102,-67.8136,186
11.102,-67.6102,28
11.102,-67.4068,308
11.102,-67.2034,314
11.102,-67.0,281
11.3265,-79.0,1254
11.3265,-78.7966,1361
11.3265,-78.5932,1901
11.3265,-78.3898,1236
11.3265,-78.1864,1835
11.3265,-77.9831,1528
11.3265,-77.7797,1807
11.3265,-77.5763,1650
11.3265,-77.3729,1946
11.3265,-77.1695,1998
11.3265,-76.9661,2159
11.3265,-76.7627,1876
11.3265,-76.5593,1152
11.3265,-76.3559,2392
11.3265,-76.1525,2208
11.3265,-75.9492,1752
11.3265,-75.7458,874
11.3265,-75.5424,2053
11.3265,-75.339,1890
11.3265,-75.1356,2171
11.3265,-74.9322,901
11.3265,-74.7288,721
11.3265,-74.5254,862
11.3265,-74.322,1320
11.3265,-74.1186,1370
11.3265,-73.9153,1097
11.3265,-73.7119,1637
11.3265,-73.5085,1046
11.3265,-73.3051,1262
11.3265,-73.1017,712
11.3265,-72.8983,1076
11.3265,-72.6949,1175
11.3265,-72.4915,522
11.3265,-72.2881,732
11.3265,-72.0847,861
11.3265,-71.8814,65
11.3265,-71.678,412
11.3265,-71.4746,129
11.3265,-71.2712,211
11.3265,-71.0678,212
11.3265,-70.8644,202
11.3265,-70.661,336
11.3265,-70.4576,190
11.3265,-70.2542,40
11.3265,-70.0508,255
11.3265,-69.8475,228
11.3265,-69.6441,167
11.3265,-69.4407,182
11.3265,-69.2373,424
11.3265,-69.0339,197
11.3265,-68.8305,209
11.3265,-68.6271,99
11.3265,-68.4237,196
11.3265,-68.2203,442
11.3265,-68.0169,218
11.3265,-67.8136,520
11.3265,-67.6102,368
11.3265,-67.4068,116
11.3265,-67.2034,237
11.3265,-67.0,159
11.551,-79.0,1635
11.551,-78.7966,1909
11.551,-78.5932,2065
11.551,-78.3898,3653
11.551,-78.1864,2174
11.551,-77.9831,1573
11.551,-77.7797,1974
11.551,-77.5763,2552
11.551,-77.3729,2949
11.551,-77.1695,2127
11.551,-76.9661,2325
11.551,-76.7627,1519
11.551,-76.5593,1740
11.551,-76.3559,1820
11.551,-76.1525,2235
11.551,-75.9492,2180
11.551,-75.7458,2699
11.551,-75.5424,2020
11.551,-75.339,1908
11.551,-75.1356,1007
11.551,-74.9322,1156
11.551,-74.7288,690
11.551,-74.5254,1291
11.551,-74.322,1198
11.551,-74.1186,1081
11.551,-73.9153,1145
11.551,-73.7119,1322
11.551,-73.5085,1183
11.551,-73.3051,1020
11.551,-73.1017,787
11.551,-72.8983,953
11.551,-72.6949,1251
11.551,-72.4915,1312
11.551,-72.2881,1075
11.551,-72.0847,1112
11.551,-71.8814,172
11.551,-71.678,212
11.551,-71.4746,429
11.551,-71.2712,165
11.551,-71.0678,65
11.551,-70.8644,253
11.551,-70.661,67
11.551,-70.4576,304
11.551,-70.2542,233
11.551,-70.0508,371
11.551,-69.8475,440
11.551,-69.6441,55
11.551,-69.4407,294
11.551,-69.2373,275
11.551,-69.0339,315
11.551,-68.8305,184
11.551,-68.6271,183
11.551,-68.4237,76
11.551,-68.2203,310
11.551,-68.0169,313
11.551,-67.8136,275
11.551,-67.6102,293
11.551,-67.4068,261
11.551,-67.2034,281
11.551,-67.0,314
11.7755,-79.0,1928
11.7755,-78.7966,1830
11.7755,-78.5932,2051
11.7755,-78.3898,2593
11.7755,-78.1864,2509
11.7755,-77.9831,2215
11.7755,-77.7797,2428
11.7755,-77.5763,2257
11.7755,-77.3729,2330
11.7755,-77.1695,1930
11.7755,-76.9661,1395
11.7755,-76.7627,2139
11.7755,-76.5593,843
11.7755,-76.3559,2070
11.7755,-76.1525,2131
11.7755,-75.9492,2069
11.7755,-75.7458,1893
11.7755,-75.5424,1947
11.7755,-75.339,1706
11.7755,-75.1356,2129
11.7755,-74.9322,1729
11.7755,-74.7288,1320
11.7755,-74.5254,1595
11.7755,-74.322,657
11.7755,-74.1186,645
11.7755,-73.9153,577
11.7755,-73.7119,1035
11.7755,-73.5085,987
11.7755,-73.3051,916
11.7755,-73.1017,434
11.7755,-72.8983,1118
11.7755,-72.6949,1338
11.7755,-72.4915,1517
11.7755,-72.2881,918
11.7755,-72.0847,862
11.7755,-71.8814,339
11.7755,-71.678,112
11.7755,-71.4746,264
11.7755,-71.2712,67
11.7755,-71.0678,125
11.7755,-70.8644,135
11.7755,-70.661,195
11.7755,-70.4576,306
11.7755,-70.2542,239
11.7755,-70.0508,391
11.7755,-69.8475,156
11.7755,-69.6441,315
11.7755,-69.4407,139
11.7755,-69.2373,132
11.7755,-69.0339,165
11.7755,-68.8305,133
11.7755,-68.6271,120
11.7755,-68.4237,159
11.7755,-68.2203,173
11.7755,-68.0169,427
11.7755,-67.8136,235
11.7755,-67.6102,175
11.7755,-67.4068,264
11.7755,-67.2034,352
11.7755,-67.0,297
12.0,-79.0,2977
12.0,-78.7966,1900
12.0,-78.5932,1797
12.0,-78.3898,2148
12.0,-78.1864,1538
12.0,-77.9831,1700
12.0,-77.7797,2183
12.0,-77.5763,1780
12.0,-77.3729,2306
12.0,-77.1695,1599
12.0,-76.9661,1937
12.0,-76.7627,1774
12.0,-76.5593,1775
12.0,-76.3559,1442
12.0,-76.1525,2562
12.0,-75.9492,1911
12.0,-75.7458,1858
12.0,-75.5424,1323
12.0,-75.339,1609
12.0,-75.1356,1933
12.0,-74.9322,799
12.0,-74.7288,930
12.0,-74.5254,1464
12.0,-74.322,874
12.0,-74.1186,850
12.0,-73.9153,582
12.0,-73.7119,683
12.0,-73.5085,1099
12.0,-73.3051,543
12.0,-73.1017,1023
12.0,-72.8983,794
12.0,-72.6949,853
12.0,-72.4915,1148
12.0,-72.2881,1174
12.0,-72.0847,806
12.0,-71.8814,53
12.0,-71.678,145
12.0,-71.4746,109
12.0,-71.2712,0
12.0,-71.0678,297
12.0,-70.8644,253
12.0,-70.661,34
12.0,-70.4576,271
12.0,-70.2542,180
12.0,-70.0508,263
12.0,-69.8475,343
12.0,-69.6441,254
12.0,-69.4407,115
12.0,-69.2373,195
12.0,-69.0339,134
12.0,-68.8305,115
12.0,-68.6271,95
12.0,-68.4237,284
12.0,-68.2203,79
12.0,-68.0169,195
12.0,-67.8136,80
12.0,-67.6102,82
12.0,-67.4068,201
12.0,-67.2034,266
12.0,-67.0,196
